{
    "binary_pos_weight": 1,
    "continuous_pos_weight": 5.020707701936572,
    "binary_loss_weight": 0.5,
    "continuous_loss_weight": 0.5,
    "start_epoch": 0,
    "end_epoch": 30,
    "last_done_epoch": 11,
    "train_loss": [
        0.11323990638321292
    ],
    "eval_loss": [
        0.19564965333273932
    ],
    "auc_roc_continuous": [
        0.8239667391403351
    ],
    "auc_pr_continuous": [
        0.0186174362330594
    ],
    "auc_pr_binary": [
        []
    ],
    "auc_roc_binary": [
        []
    ],
    "nss_continuous": [
        2.7038002014160156
    ],
    "nss_binary": [
        []
    ],
    "sim_continuous": [
        0.2821986973285675
    ]
}