{
    "binary_pos_weight": 1,
    "continuous_pos_weight": 5.134251697579827,
    "binary_loss_weight": 0.5,
    "continuous_loss_weight": 0.5,
    "start_epoch": 0,
    "end_epoch": 10,
    "last_done_epoch": 5,
    "train_loss": [
        0.5383198626734049,
        0.44855818775880263,
        0.3854327823759523,
        0.33347795386162543,
        0.28916713819149337,
        0.2513841188297393
    ],
    "eval_loss": [
        0.4885959316407173,
        0.42975471273667604,
        0.37686978265636445,
        0.3371508921752034,
        0.3062521263621041,
        0.27339235842628445
    ],
    "auc_roc_continuous": [
        0.8359757474498251,
        0.8241249518602637,
        0.7877123781133996,
        0.8007041932351023,
        0.805905403246186,
        0.7975858288972191
    ],
    "auc_pr_continuous": [
        0.011353471706017635,
        0.01257479221862895,
        0.012129200457641227,
        0.013071127975977261,
        0.013809479749849163,
        0.015573950617396621
    ],
    "auc_pr_binary": [
        [],
        [],
        [],
        [],
        [],
        []
    ],
    "auc_roc_binary": [
        [],
        [],
        [],
        [],
        [],
        []
    ],
    "nss_continuous": [
        1.9837851524353027,
        2.1478264331817627,
        2.042731285095215,
        2.1171796321868896,
        2.1424100399017334,
        2.242748737335205
    ],
    "nss_binary": [
        [],
        [],
        [],
        [],
        [],
        []
    ],
    "sim_continuous": [
        0.07547267526388168,
        0.07792441546916962,
        0.08468088507652283,
        0.08431453257799149,
        0.08416271954774857,
        0.08670134842395782
    ]
}