{
    "binary_pos_weight": 1,
    "continuous_pos_weight": 5.095822500378681,
    "binary_loss_weight": 0.5,
    "continuous_loss_weight": 0.5,
    "start_epoch": 0,
    "end_epoch": 10,
    "last_done_epoch": 1,
    "train_loss": [
        0.19984150296129014,
        0.1302207625062426
    ],
    "eval_loss": [
        0.21819470934063637,
        0.20809464354212112
    ],
    "auc_roc_continuous": [
        0.8313739335840424,
        0.8515371085811461
    ],
    "auc_roc_binary": [
        [],
        []
    ],
    "nss_continuous": [
        1.3437305688858032,
        1.4512391090393066
    ],
    "nss_binary": [
        [],
        []
    ],
    "sim_continuous": [
        0.07339799404144287,
        0.06723829358816147
    ]
}