{
    "binary_pos_weight": 1,
    "continuous_pos_weight": 5.023289926335702,
    "binary_loss_weight": 0.5,
    "continuous_loss_weight": 0.5,
    "start_epoch": 0,
    "end_epoch": 500,
    "last_done_epoch": 12,
    "train_loss": [
        0.14461699470356038,
        0.13087576464806014,
        0.12215444511399658,
        0.11522789464147944
    ],
    "eval_loss": [
        0.20080523570696063,
        0.19762361917421678,
        0.19362614883786622,
        0.19004555946591187
    ],
    "auc_roc_continuous": [
        0.8268113876900741,
        0.8203376419918172,
        0.8294010757563601,
        0.8449801172430786
    ],
    "auc_pr_continuous": [
        0.0160627291065544,
        0.01868295536023789,
        0.017502057213004237,
        0.019177332281842138
    ],
    "auc_pr_binary": [
        [],
        [],
        [],
        []
    ],
    "auc_roc_binary": [
        [],
        [],
        [],
        []
    ],
    "nss_continuous": [
        2.3195981979370117,
        2.3660712242126465,
        2.3591790199279785,
        2.4094367027282715
    ],
    "nss_binary": [
        [],
        [],
        [],
        []
    ],
    "sim_continuous": [
        0.09019912779331207,
        0.09061109274625778,
        0.0855833888053894,
        0.08689075708389282
    ]
}