{
    "binary_pos_weight": 1,
    "continuous_pos_weight": 2.262608698226483,
    "binary_loss_weight": 0.5,
    "continuous_loss_weight": 0.5,
    "start_epoch": 0,
    "end_epoch": 5,
    "last_done_epoch": 2,
    "train_loss": [
        0.13918464022814866,
        0.08234870471410287,
        0.0738037354235014
    ],
    "eval_loss": [
        0.11333658553885759,
        0.11440126804254723,
        0.1122204062129929
    ],
    "auc_roc_continuous": [
        0.8536317372102941,
        0.8485119265602453,
        0.8535867154578639
    ],
    "auc_roc_binary": [
        [],
        [],
        []
    ],
    "nss_continuous": [
        1.391885757446289,
        1.4385008811950684,
        1.515213966369629
    ],
    "nss_binary": [
        [],
        [],
        []
    ],
    "sim_continuous": [
        0.07692205160856247,
        0.07708939164876938,
        0.07567964494228363
    ]
}