{
    "binary_pos_weight": 1,
    "continuous_pos_weight": 5.020707701936572,
    "binary_loss_weight": 0.5,
    "continuous_loss_weight": 0.5,
    "start_epoch": 0,
    "end_epoch": 30,
    "last_done_epoch": 13,
    "train_loss": [
        0.11323990638321292,
        0.10933526947882503,
        0.10665795691215339
    ],
    "eval_loss": [
        0.19564965333273932,
        0.19683949442404286,
        0.19372691406551468
    ],
    "auc_roc_continuous": [
        0.8239667391403351,
        0.8202716688446045,
        0.8352654552691148
    ],
    "auc_pr_continuous": [
        0.0186174362330594,
        0.017655372174607643,
        0.018837753749185022
    ],
    "auc_pr_binary": [
        [],
        [],
        []
    ],
    "auc_roc_binary": [
        [],
        [],
        []
    ],
    "nss_continuous": [
        2.7038002014160156,
        2.608074903488159,
        2.8221113681793213
    ],
    "nss_binary": [
        [],
        [],
        []
    ],
    "sim_continuous": [
        0.2821986973285675,
        0.28905773162841797,
        0.3055001199245453
    ]
}