{
    "binary_pos_weight": 1,
    "continuous_pos_weight": 5.095822500378681,
    "binary_loss_weight": 0.5,
    "continuous_loss_weight": 0.5,
    "start_epoch": 0,
    "end_epoch": 10,
    "last_done_epoch": 3,
    "train_loss": [
        0.19984150296129014,
        0.1302207625062426,
        0.11852253123980325,
        0.11345939312498499
    ],
    "eval_loss": [
        0.21819470934063637,
        0.20809464354212112,
        0.21092200327519428,
        0.2063472329061637
    ],
    "auc_roc_continuous": [
        0.8313739335840424,
        0.8515371085811461,
        0.854475387765305,
        0.8553819693275434
    ],
    "auc_roc_binary": [
        [],
        [],
        [],
        []
    ],
    "nss_continuous": [
        1.3437305688858032,
        1.4512391090393066,
        1.5468615293502808,
        1.5071812868118286
    ],
    "nss_binary": [
        [],
        [],
        [],
        []
    ],
    "sim_continuous": [
        0.07339799404144287,
        0.06723829358816147,
        0.06897466629743576,
        0.06838382035493851
    ]
}