{
    "binary_pos_weight": 36.32440985694481,
    "continuous_pos_weight": 1,
    "binary_loss_weight": 0.5,
    "continuous_loss_weight": 0.5,
    "start_epoch": 0,
    "end_epoch": 10,
    "last_done_epoch": 0,
    "train_loss": [
        0.06591762196688598
    ],
    "eval_loss": [
        0.09935101238034173
    ],
    "auc_roc_continuous": [
        []
    ],
    "auc_pr_continuous": [
        []
    ],
    "auc_pr_binary": [
        0.017265930792091953
    ],
    "auc_roc_binary": [
        0.8180463461064571
    ],
    "nss_continuous": [
        []
    ],
    "nss_binary": [
        2.7355730533599854
    ],
    "sim_continuous": [
        []
    ]
}