{
    "binary_pos_weight": 36.33455469912473,
    "continuous_pos_weight": 5.122926038187163,
    "binary_loss_weight": 0.5,
    "continuous_loss_weight": 0.5,
    "start_epoch": 0,
    "end_epoch": 15,
    "last_done_epoch": 1,
    "train_loss": [
        0.30036779262086466,
        0.23927907972420265
    ],
    "eval_loss": [
        0.3073976775087562,
        0.25859305792572573
    ],
    "auc_roc_continuous": [
        0.8165162908819252,
        0.8450179453931994
    ],
    "auc_pr_continuous": [
        0.01585589728070977,
        0.01741380784114702
    ],
    "auc_pr_binary": [
        0.013896456982450183,
        0.01758081160011634
    ],
    "auc_roc_binary": [
        0.7774301790588689,
        0.8117227971937474
    ],
    "nss_continuous": [
        2.49482798576355,
        2.7316784858703613
    ],
    "nss_binary": [
        2.0123937129974365,
        2.4464659690856934
    ],
    "sim_continuous": [
        0.2704036831855774,
        0.30402252078056335
    ]
}