{
    "binary_pos_weight": 36.33455469912473,
    "continuous_pos_weight": 5.122926038187163,
    "binary_loss_weight": 0.5,
    "continuous_loss_weight": 0.5,
    "start_epoch": 0,
    "end_epoch": 15,
    "last_done_epoch": 3,
    "train_loss": [
        0.30036779262086466,
        0.23927907972420265,
        0.1943255035215813,
        0.16099410064452166
    ],
    "eval_loss": [
        0.3073976775087562,
        0.25859305792572573,
        0.22584590411940955,
        0.20506451476843157
    ],
    "auc_roc_continuous": [
        0.8165162908819252,
        0.8450179453931994,
        0.8392078325648374,
        0.8416894419653318
    ],
    "auc_pr_continuous": [
        0.01585589728070977,
        0.01741380784114702,
        0.01717290527610874,
        0.017200838652480406
    ],
    "auc_pr_binary": [
        0.013896456982450183,
        0.01758081160011634,
        0.017191099667827232,
        0.0168396721356853
    ],
    "auc_roc_binary": [
        0.7774301790588689,
        0.8117227971937474,
        0.8028634130067271,
        0.8101069307231009
    ],
    "nss_continuous": [
        2.49482798576355,
        2.7316784858703613,
        2.688230276107788,
        2.633692741394043
    ],
    "nss_binary": [
        2.0123937129974365,
        2.4464659690856934,
        2.486292839050293,
        2.477562427520752
    ],
    "sim_continuous": [
        0.2704036831855774,
        0.30402252078056335,
        0.31403788924217224,
        0.317216694355011
    ]
}