{
    "binary_pos_weight": 36.32154021609534,
    "continuous_pos_weight": 5.1292818181138555,
    "binary_loss_weight": 0.5,
    "continuous_loss_weight": 0.5,
    "start_epoch": 0,
    "end_epoch": 15,
    "last_done_epoch": 5,
    "train_loss": [
        0.10618003978216412
    ],
    "eval_loss": [
        0.16273692495674807
    ],
    "auc_roc_continuous": [
        0.853209034701176
    ],
    "auc_pr_continuous": [
        0.014998059173791125
    ],
    "auc_pr_binary": [
        0.015314323086208937
    ],
    "auc_roc_binary": [
        0.8167132536672655
    ],
    "nss_continuous": [
        2.5014994144439697
    ],
    "nss_binary": [
        2.5536036491394043
    ],
    "sim_continuous": [
        0.3307315707206726
    ]
}