{
    "binary_pos_weight": 36.34183358836872,
    "continuous_pos_weight": 5.109232333852404,
    "binary_loss_weight": 0.5,
    "continuous_loss_weight": 0.5,
    "start_epoch": 0,
    "end_epoch": 15,
    "last_done_epoch": 8,
    "train_loss": [
        0.08878084605740443,
        0.0829528946365374,
        0.07995063834028013
    ],
    "eval_loss": [
        0.15972164385627058,
        0.16261539435687483,
        0.15757714531680478
    ],
    "auc_roc_continuous": [
        0.8519145942090318,
        0.8512328948677717,
        0.8628228230469437
    ],
    "auc_pr_continuous": [
        0.01628575738259955,
        0.01681689099492345,
        0.017611332974232986
    ],
    "auc_pr_binary": [
        0.016820548209981665,
        0.017356037846753082,
        0.018013910687294726
    ],
    "auc_roc_binary": [
        0.8304338959971223,
        0.8301265160244236,
        0.8477345753071652
    ],
    "nss_continuous": [
        2.5931661128997803,
        2.654081344604492,
        2.7216925621032715
    ],
    "nss_binary": [
        2.7338695526123047,
        2.807366132736206,
        2.891731023788452
    ],
    "sim_continuous": [
        0.34044918417930603,
        0.3535262644290924,
        0.3594686985015869
    ]
}